{"2": {"rect": {"x": 976.5, "y": 268.50001525878906, "width": 250.0, "height": 761.9666748046875}}, "3": {"rect": {"x": 976.5, "y": 278.50001525878906, "width": 250.0, "height": 547.8333129882812}}, "4": {"rect": {"x": 977.5, "y": 279.50001525878906, "width": 248.0, "height": 545.8333129882812}}, "5": {"rect": {"x": 977.5, "y": 279.50001525878906, "width": 248.0, "height": 252.41665649414065}}, "6": {"rect": {"x": 977.5, "y": 279.50001525878906, "width": 248.0, "height": 252.41665649414065}}, "7": {"rect": {"x": 987.5, "y": 294.50001525878906, "width": 228.0, "height": 37.149993896484375}}, "8": {"rect": {"x": 987.5, "y": 296.50001525878906, "width": 65.0, "height": 16.0}, "font": "", "color": "rgb(51, 51, 51)"}, "9": {"rect": {"x": 987.5, "y": 314.50001525878906, "width": 228.0, "height": 17.149993896484375}, "font": "", "color": "rgb(0, 51, 153)"}, "10": {"rect": {"x": 0.0, "y": 372.4666748046875, "width": 0.0, "height": 0.0}}, "11": {"rect": {"x": 0.0, "y": 372.4666748046875, "width": 0.0, "height": 0.0}}, "12": {"rect": {"x": 0.0, "y": 372.4666748046875, "width": 0.0, "height": 0.0}}, "13": {"rect": {"x": 987.5, "y": 336.65000915527344, "width": 228.0, "height": 51.30000305175781}}, "14": {"rect": {"x": 987.5, "y": 340.15000915527344, "width": 99.25, "height": 23.0}, "font": "", "color": "rgb(199, 0, 44)"}, "15": {"rect": {"x": 987.5, "y": 366.65000915527344, "width": 228.0, "height": 21.300003051757812}}, "16": {"rect": {"x": 987.5, "y": 370.8000030517578, "width": 91.0, "height": 14.0}, "font": "", "color": "rgb(0, 51, 153)"}, "17": {"rect": {"x": 987.5, "y": 392.9500122070313, "width": 228.0, "height": 61.59999084472656}}, "18": {"rect": {"x": 987.5, "y": 392.9500122070313, "width": 228.0, "height": 41.59999084472656}}, "19": {"rect": {"x": 987.5, "y": 395.1000061035156, "width": 66.0, "height": 16.0}, "font": "", "color": "rgb(51, 51, 51)"}, "20": {"rect": {"x": 1057.5, "y": 392.1000061035156, "width": 71.0, "height": 22.0}, "font": "", "color": "rgb(51, 51, 51)"}, "21": {"rect": {"x": 1128.5, "y": 392.9500122070313, "width": 0.01666259765625, "height": 20.300003051757812}}, "22": {"rect": {"x": 987.5, "y": 417.40000915527344, "width": 70.0, "height": 14.0}, "font": "", "color": "rgb(51, 51, 51)"}, "23": {"rect": {"x": 987.5, "y": 438.5500030517578, "width": 153.0, "height": 14.0}, "font": "", "color": "rgb(0, 51, 153)"}, "24": {"rect": {"x": 987.5, "y": 464.5500030517578, "width": 228.0, "height": 38.366668701171875}}, "25": {"rect": {"x": 987.5, "y": 464.5500030517578, "width": 228.0, "height": 38.366668701171875}, "font": "", "color": "rgb(255, 255, 255)"}, "26": {"rect": {"x": 1037.5, "y": 472.9166717529297, "width": 20.0, "height": 22.0}}, "27": {"rect": {"x": 977.5, "y": 531.9166717529297, "width": 248.0, "height": 293.41668701171875}}, "28": {"rect": {"x": 977.5, "y": 531.9166717529297, "width": 248.0, "height": 293.41668701171875}}, "29": {"rect": {"x": 977.5, "y": 532.9166717529297, "width": 248.0, "height": 292.41668701171875}}, "30": {"rect": {"x": 987.5, "y": 547.9166717529297, "width": 228.0, "height": 77.15000915527344}}, "31": {"rect": {"x": 987.5, "y": 549.9166717529297, "width": 71.0, "height": 16.0}, "font": "", "color": "rgb(51, 51, 51)"}, "32": {"rect": {"x": 1058.5, "y": 547.9166717529297, "width": 0.01666259765625, "height": 20.0}}, "33": {"rect": {"x": 987.5, "y": 569.9166717529297, "width": 114.0, "height": 16.0}, "font": "", "color": "rgb(51, 51, 51)"}, "34": {"rect": {"x": 1101.5, "y": 567.9166717529297, "width": 0.01666259765625, "height": 20.0}}, "35": {"rect": {"x": 987.5, "y": 591.9166717529297, "width": 211.0, "height": 14.0}, "font": "", "color": "rgb(51, 51, 51)"}, "36": {"rect": {"x": 987.5, "y": 607.9166717529297, "width": 228.0, "height": 17.150009155273438}, "font": "", "color": "rgb(0, 51, 153)"}, "37": {"rect": {"x": 0.0, "y": 372.4666748046875, "width": 0.0, "height": 0.0}}, "38": {"rect": {"x": 0.0, "y": 372.4666748046875, "width": 0.0, "height": 0.0}}, "39": {"rect": {"x": 0.0, "y": 372.4666748046875, "width": 0.0, "height": 0.0}}, "40": {"rect": {"x": 987.5, "y": 630.0666809082031, "width": 228.0, "height": 51.29998779296875}}, "41": {"rect": {"x": 987.5, "y": 633.5666809082031, "width": 99.25, "height": 23.0}, "font": "", "color": "rgb(199, 0, 44)"}, "42": {"rect": {"x": 1086.75, "y": 637.5666809082031, "width": 0.01666259765625, "height": 20.0}}, "43": {"rect": {"x": 987.5, "y": 660.0666809082031, "width": 228.0, "height": 21.29998779296875}}, "44": {"rect": {"x": 987.5, "y": 664.2166748046875, "width": 94.0, "height": 14.0}, "font": "", "color": "rgb(0, 51, 153)"}, "45": {"rect": {"x": 987.5, "y": 686.3666687011719, "width": 228.0, "height": 71.60000610351562}}, "46": {"rect": {"x": 987.5, "y": 686.3666687011719, "width": 228.0, "height": 41.600006103515625}}, "47": {"rect": {"x": 987.5, "y": 688.5166625976562, "width": 66.0, "height": 16.0}, "font": "", "color": "rgb(51, 51, 51)"}, "48": {"rect": {"x": 1057.5, "y": 688.5166625976562, "width": 58.0, "height": 16.0}, "font": "", "color": "rgb(199, 0, 44)"}, "49": {"rect": {"x": 1115.5, "y": 686.3666687011719, "width": 0.01666259765625, "height": 20.300003051757812}}, "50": {"rect": {"x": 987.5, "y": 710.8166809082031, "width": 70.0, "height": 14.0}, "font": "", "color": "rgb(51, 51, 51)"}, "51": {"rect": {"x": 987.5, "y": 731.9666748046875, "width": 153.0, "height": 14.0}, "font": "", "color": "rgb(0, 51, 153)"}, "52": {"rect": {"x": 987.5, "y": 757.9666748046875, "width": 228.0, "height": 38.366668701171875}}, "53": {"rect": {"x": 987.5, "y": 757.9666748046875, "width": 228.0, "height": 38.366668701171875}, "font": "", "color": "rgb(255, 255, 255)"}, "54": {"rect": {"x": 1037.5, "y": 766.3333435058594, "width": 20.0, "height": 22.0}}, "55": {"rect": {"x": 976.5, "y": 846.3333435058594, "width": 250.0, "height": 20.0}}, "56": {"rect": {"x": 1035.0, "y": 848.3333435058594, "width": 133.0, "height": 16.0}, "font": "", "color": "rgb(0, 51, 153)"}}